id	sdp	group	mf	gt	pp_to_fb	fb_to_pp
1	sire		FB-Y-145	T17	2	23
2	sire		FB-Y-146	R18	4	1
3	sire		FB-Y-147	R50	9	4
4	sire		FB-Y-152	R19	3	2
5	sire		FB-Y-156	T20	17	9
6	sire		FB-Y-159	T21	21	19
7	sire		FB-Y-162	T22	8	8
8	sire		FB-Y-154	T51	7	7
9	sire		FB-Y-1	T1	5	3
10	sire		FB-Y-5	T2	16	26
11	sire		FB-Y-7	R3	25	17
12	sire		FB-Y-35	R4	14	24
13	sire		FB-Y-40	T5	28	14
14	sire		FB-Y-64	R7	13	12
15	sire		FB-Y-65	R45	20	16
16	sire		FB-Y-66	R8	15	10
17	sire		FB-Y-75	R46	11	5
18	sire		FB-Y-85	R9	29	29
19	sire		FB-Y-87	T10	6	25
20	sire		FB-Y-88	T11	23	15
21	sire		FB-Y-89	R12	27	6
22	sire		FB-Y-92	FB-Y-92	22	22
23	sire		FB-Y-94	T48	1	20
24	sire		FB-Y-112	R14	12	27
25	sire		FB-Y-131	R15	19	11
26	sire		FB-Y-130	R49	10	28
27	sire		FB-Y-58	T6	24	21
28	sire		FB-Y-100	T13	26	13
29	sire		FB-Y-143	T16	18	18
30	dam		FB-X-329	R37	36	50
31	dam		FB-X-330	T38	31	31
32	dam		FB-X-334	R39	50	34
33	dam		FB-X-343	R40	46	36
34	dam		FB-X-350	R41	32	43
35	dam		FB-X-353	T43	47	40
36	dam		FB-X-351	R42	33	30
37	dam		FB-X-356	T44	38	39
38	dam		FB-X-279	T35	42	37
39	dam		FB-X-186	R29	37	51
40	dam		FB-X-208	R32	35	54
41	dam		FB-X-302	T54	43	52
42	dam		FB-X-7	R24	52	38
43	dam		FB-X-168	R25	34	41
44	dam		FB-X-169	R26	44	44
45	dam		FB-X-189	R31	51	53
46	dam		FB-X-230	R33	54	33
47	dam		FB-X-282	R36	48	35
48	dam		FB-X-5	R23	53	47
49	dam		FB-X-178	R27	49	49
50	dam		FB-X-180	R52	30	32
51	dam		FB-X-183	T28	39	45
52	dam		FB-X-188	T30	41	42
53	dam		FB-X-232	T34	45	48
54	dam		FB-X-234	R53	40	46
55	progeny	1	1	1	55	55
56	progeny	1	2	2	56	56
57	progeny	1	3	3	57	57
58	progeny	1	4	4	58	58
59	progeny	1	5	5	59	59
60	progeny	1	6	6	1643	63
61	progeny	1	7	7	1730	80
62	progeny	1	8	8	1818	81
63	progeny	1	9	9	60	82
64	progeny	1	10	10	543	83
65	progeny	1	11	11	633	84
66	progeny	1	12	12	716	96
67	progeny	1	13	13	801	99
68	progeny	1	14	14	888	105
69	progeny	1	15	15	972	106
70	progeny	1	16	16	1061	107
71	progeny	1	17	17	1148	108
72	progeny	1	18	18	1218	109
73	progeny	1	19	19	1229	110
74	progeny	1	20	20	1235	130
75	progeny	1	21	21	1246	131
76	progeny	1	22	22	1253	132
77	progeny	1	23	23	1263	133
78	progeny	1	24	24	1274	134
79	progeny	1	25	25	1280	143
80	progeny	2	26	26	61	155
81	progeny	2	27	27	62	156
82	progeny	2	28	28	63	157
83	progeny	2	29	29	64	158
84	progeny	2	30	30	65	159
85	progeny	2	31	31	1330	180
86	progeny	2	32	32	1336	181
87	progeny	2	33	33	1337	182
88	progeny	2	34	34	1338	183
89	progeny	2	35	35	1343	184
90	progeny	2	36	36	1354	205
91	progeny	2	37	37	1361	206
92	progeny	2	38	38	1371	207
93	progeny	2	39	39	1382	208
94	progeny	2	40	40	1388	209
95	progeny	2	41	41	1399	220
96	progeny	2	42	42	66	230
97	progeny	2	43	43	1415	231
98	progeny	2	44	44	1425	232
99	progeny	2	45	45	67	233
100	progeny	2	46	46	1441	234
101	progeny	2	47	47	1448	255
102	progeny	2	48	48	1457	256
103	progeny	2	49	49	1468	257
104	progeny	2	50	50	1474	258
105	progeny	3	51	51	68	259
106	progeny	3	52	52	69	280
107	progeny	3	53	53	70	281
108	progeny	3	54	54	71	282
109	progeny	3	55	55	72	283
110	progeny	3	56	56	73	284
111	progeny	3	57	57	1531	305
112	progeny	3	58	58	1541	306
113	progeny	3	59	59	1552	307
114	progeny	3	60	60	1558	308
115	progeny	3	61	61	1569	309
116	progeny	3	62	62	1576	330
117	progeny	3	63	63	1586	331
118	progeny	3	64	64	1597	332
119	progeny	3	65	65	1603	333
120	progeny	3	66	66	1614	334
121	progeny	3	67	67	1621	355
122	progeny	3	68	68	1631	356
123	progeny	3	69	69	1642	357
124	progeny	3	70	70	1649	358
125	progeny	3	71	71	1660	359
126	progeny	3	72	72	1667	373
127	progeny	3	73	73	1677	374
128	progeny	3	74	74	1688	380
129	progeny	3	75	75	1694	381
130	progeny	4	76	76	74	382
131	progeny	4	77	77	75	383
132	progeny	4	78	78	76	384
133	progeny	4	79	79	77	405
134	progeny	4	80	80	78	406
135	progeny	4	81	81	1745	407
136	progeny	4	82	82	1752	408
137	progeny	4	83	83	1762	409
138	progeny	4	84	84	1773	430
139	progeny	4	85	85	1779	431
140	progeny	4	86	86	1790	432
141	progeny	4	87	87	1797	433
142	progeny	4	88	88	1807	434
143	progeny	4	89	89	79	455
144	progeny	4	90	90	1820	456
145	progeny	4	91	91	1821	457
146	progeny	4	92	92	1822	458
147	progeny	4	93	93	1823	459
148	progeny	4	94	94	1824	478
149	progeny	4	95	95	1825	480
150	progeny	4	96	96	1826	481
151	progeny	4	97	97	1827	482
152	progeny	4	98	98	1828	483
153	progeny	4	99	99	1829	484
154	progeny	4	100	100	464	505
155	progeny	5	101	101	80	506
156	progeny	5	102	102	81	507
157	progeny	5	103	103	82	508
158	progeny	5	104	104	83	509
159	progeny	5	105	105	84	514
160	progeny	5	106	106	514	530
161	progeny	5	107	107	521	531
162	progeny	5	108	108	531	532
163	progeny	5	109	109	542	533
164	progeny	5	110	110	549	534
165	progeny	5	111	111	560	555
166	progeny	5	112	112	567	556
167	progeny	5	113	113	577	557
168	progeny	5	114	114	588	558
169	progeny	5	115	115	594	559
170	progeny	5	116	116	604	580
171	progeny	5	117	117	611	581
172	progeny	5	118	118	621	582
173	progeny	5	119	119	632	583
174	progeny	5	120	120	639	584
175	progeny	5	121	121	649	605
176	progeny	5	122	122	654	606
177	progeny	5	123	123	664	607
178	progeny	5	124	124	675	608
179	progeny	5	125	125	681	609
180	progeny	6	126	126	85	630
181	progeny	6	127	127	86	631
182	progeny	6	128	128	87	632
183	progeny	6	129	129	88	633
184	progeny	6	130	130	89	634
185	progeny	6	131	131	732	655
186	progeny	6	132	132	739	656
187	progeny	6	133	133	749	657
188	progeny	6	134	134	759	658
189	progeny	6	135	135	765	659
190	progeny	6	136	136	775	680
191	progeny	6	137	137	781	681
192	progeny	6	138	138	789	682
193	progeny	6	139	139	800	683
194	progeny	6	140	140	807	684
195	progeny	6	141	141	818	705
196	progeny	6	142	142	824	706
197	progeny	6	143	143	834	707
198	progeny	6	144	144	845	708
199	progeny	6	145	145	851	709
200	progeny	6	146	146	859	730
201	progeny	6	147	147	866	731
202	progeny	6	148	148	876	732
203	progeny	6	149	149	887	733
204	progeny	6	150	150	894	734
205	progeny	7	151	151	90	755
206	progeny	7	152	152	91	756
207	progeny	7	153	153	92	757
208	progeny	7	154	154	93	758
209	progeny	7	155	155	94	759
210	progeny	7	156	156	945	780
211	progeny	7	157	157	952	781
212	progeny	7	158	158	961	782
213	progeny	7	159	159	971	783
214	progeny	7	160	160	978	784
215	progeny	7	161	161	989	805
216	progeny	7	162	162	996	806
217	progeny	7	163	163	1006	807
218	progeny	7	164	164	1017	808
219	progeny	7	165	165	1023	809
220	progeny	7	166	166	95	829
221	progeny	7	167	167	1040	830
222	progeny	7	168	168	1049	831
223	progeny	7	169	169	1060	832
224	progeny	7	170	170	1067	833
225	progeny	7	171	171	1078	834
226	progeny	7	172	172	1085	855
227	progeny	7	173	173	1095	856
228	progeny	7	174	174	1106	857
229	progeny	7	175	175	1112	858
230	progeny	8	176	176	96	859
231	progeny	8	177	177	97	880
232	progeny	8	178	178	98	881
233	progeny	8	179	179	99	882
234	progeny	8	180	180	100	883
235	progeny	8	181	181	1163	884
236	progeny	8	182	182	1170	905
237	progeny	8	183	183	1180	906
238	progeny	8	184	184	1191	907
239	progeny	8	185	185	1197	908
240	progeny	8	186	186	1208	909
241	progeny	8	187	187	1215	930
242	progeny	8	188	188	1216	931
243	progeny	8	189	189	1217	932
244	progeny	8	190	190	1219	933
245	progeny	8	191	191	1220	934
246	progeny	8	192	192	1221	955
247	progeny	8	193	193	1222	956
248	progeny	8	194	194	1223	957
249	progeny	8	195	195	1224	958
250	progeny	8	196	196	1225	959
251	progeny	8	197	197	1226	974
252	progeny	8	198	198	1227	980
253	progeny	8	199	199	1228	981
254	progeny	8	200	200	1230	982
255	progeny	9	201	201	101	983
256	progeny	9	202	202	102	984
257	progeny	9	203	203	103	1005
258	progeny	9	204	204	104	1006
259	progeny	9	205	205	105	1007
260	progeny	9	206	206	1231	1008
261	progeny	9	207	207	1232	1009
262	progeny	9	208	208	1233	1030
263	progeny	9	209	209	1234	1031
264	progeny	9	210	210	1236	1032
265	progeny	9	211	211	1237	1033
266	progeny	9	212	212	1238	1034
267	progeny	9	213	213	1239	1055
268	progeny	9	214	214	1240	1056
269	progeny	9	215	215	1241	1057
270	progeny	9	216	216	1242	1058
271	progeny	9	217	217	1243	1059
272	progeny	9	218	218	1244	1080
273	progeny	9	219	219	1245	1081
274	progeny	9	220	220	1247	1082
275	progeny	9	221	221	1248	1083
276	progeny	9	222	222	1249	1084
277	progeny	9	223	223	1250	1095
278	progeny	9	224	224	1251	1105
279	progeny	9	225	225	1252	1106
280	progeny	10	226	226	106	1107
281	progeny	10	227	227	107	1108
282	progeny	10	228	228	108	1109
283	progeny	10	229	229	109	1130
284	progeny	10	230	230	110	1131
285	progeny	10	231	231	1254	1132
286	progeny	10	232	232	1255	1133
287	progeny	10	233	233	1256	1134
288	progeny	10	234	234	1257	1143
289	progeny	10	235	235	1258	1153
290	progeny	10	236	236	1259	1154
291	progeny	10	237	237	1260	1155
292	progeny	10	238	238	1261	1156
293	progeny	10	239	239	1262	1157
294	progeny	10	240	240	1264	1158
295	progeny	10	241	241	1265	1159
296	progeny	10	242	242	1266	1180
297	progeny	10	243	243	1267	1181
298	progeny	10	244	244	1268	1182
299	progeny	10	245	245	1269	1183
300	progeny	10	246	246	1270	1184
301	progeny	10	247	247	1271	1196
302	progeny	10	248	248	1272	1205
303	progeny	10	249	249	1273	1206
304	progeny	10	250	250	1275	1207
305	progeny	11	251	251	111	1208
306	progeny	11	252	252	112	1209
307	progeny	11	253	253	113	1230
308	progeny	11	254	254	114	1231
309	progeny	11	255	255	115	1232
310	progeny	11	256	256	1276	1233
311	progeny	11	257	257	1277	1234
312	progeny	11	258	258	1278	1255
313	progeny	11	259	259	1279	1256
314	progeny	11	260	260	1281	1257
315	progeny	11	261	261	1282	1258
316	progeny	11	262	262	1283	1259
317	progeny	11	263	263	1284	1276
318	progeny	11	264	264	1285	1280
319	progeny	11	265	265	1286	1281
320	progeny	11	266	266	1287	1282
321	progeny	11	267	267	1288	1283
322	progeny	11	268	268	1289	1284
323	progeny	11	269	269	1290	1289
324	progeny	11	270	270	1291	1299
325	progeny	11	271	271	1292	1305
326	progeny	11	272	272	1293	1306
327	progeny	11	273	273	1294	1307
328	progeny	11	274	274	1295	1308
329	progeny	11	275	275	1296	1309
330	progeny	12	276	276	116	1310
331	progeny	12	277	277	117	1312
332	progeny	12	278	278	118	1330
333	progeny	12	279	279	119	1331
334	progeny	12	280	280	120	1332
335	progeny	12	281	281	1297	1333
336	progeny	12	282	282	1298	1334
337	progeny	12	283	283	1299	1349
338	progeny	12	284	284	1300	1355
339	progeny	12	285	285	1301	1356
340	progeny	12	286	286	1302	1357
341	progeny	12	287	287	1303	1358
342	progeny	12	288	288	1304	1359
343	progeny	12	289	289	1305	1380
344	progeny	12	290	290	1306	1381
345	progeny	12	291	291	1307	1382
346	progeny	12	292	292	1308	1383
347	progeny	12	293	293	1309	1384
348	progeny	12	294	294	1310	1390
349	progeny	12	295	295	1311	1391
350	progeny	12	296	296	1312	1393
351	progeny	12	297	297	1313	1530
352	progeny	12	298	298	1314	1531
353	progeny	12	299	299	1315	1532
354	progeny	12	300	300	1316	1533
355	progeny	13	301	301	121	1534
356	progeny	13	302	302	122	1517
357	progeny	13	303	303	123	1405
358	progeny	13	304	304	124	1406
359	progeny	13	305	305	125	1407
360	progeny	13	306	306	1317	1408
361	progeny	13	307	307	1318	1409
362	progeny	13	308	308	1319	1430
363	progeny	13	309	309	1320	1431
364	progeny	13	310	310	1321	1432
365	progeny	13	311	311	1322	1433
366	progeny	13	312	312	1323	1434
367	progeny	13	313	313	1324	1455
368	progeny	13	314	314	1325	1456
369	progeny	13	315	315	1326	1457
370	progeny	13	316	316	1327	1458
371	progeny	13	317	317	1328	1459
372	progeny	13	318	318	1329	1480
373	progeny	13	319	319	126	1481
374	progeny	13	320	320	127	1482
375	progeny	13	321	321	1331	1483
376	progeny	13	322	322	1332	1484
377	progeny	13	323	323	1333	1505
378	progeny	13	324	324	1334	1506
379	progeny	13	325	325	1335	1507
380	progeny	14	351	351	128	1508
381	progeny	14	352	352	129	1509
382	progeny	14	353	353	130	1522
383	progeny	14	354	354	131	1555
384	progeny	14	355	355	132	1556
385	progeny	14	356	356	1339	1557
386	progeny	14	357	357	1340	1558
387	progeny	14	358	358	1341	1559
388	progeny	14	359	359	1342	1580
389	progeny	14	360	360	1344	1581
390	progeny	14	361	361	1345	1582
391	progeny	14	362	362	1346	1583
392	progeny	14	363	363	1347	1584
393	progeny	14	364	364	1348	1605
394	progeny	14	365	365	1349	1606
395	progeny	14	366	366	1350	1607
396	progeny	14	367	367	1351	1608
397	progeny	14	368	368	1352	1609
398	progeny	14	369	369	1353	1614
399	progeny	14	370	370	1355	1630
400	progeny	14	371	371	1356	1631
401	progeny	14	372	372	1357	1632
402	progeny	14	373	373	1358	1633
403	progeny	14	374	374	1359	1634
404	progeny	14	375	375	1360	1655
405	progeny	15	376	376	133	1656
406	progeny	15	377	377	134	1657
407	progeny	15	378	378	135	1658
408	progeny	15	379	379	136	1659
409	progeny	15	380	380	137	1680
410	progeny	15	381	381	1362	1681
411	progeny	15	382	382	1363	1682
412	progeny	15	383	383	1364	1683
413	progeny	15	384	384	1365	1684
414	progeny	15	385	385	1366	1705
415	progeny	15	386	386	1367	1706
416	progeny	15	387	387	1368	1707
417	progeny	15	388	388	1369	1708
418	progeny	15	389	389	1370	1709
419	progeny	15	390	390	1372	1730
420	progeny	15	391	391	1373	1731
421	progeny	15	392	392	1374	1732
422	progeny	15	393	393	1375	1733
423	progeny	15	394	394	1376	1734
424	progeny	15	395	395	1377	1739
425	progeny	15	396	396	1378	1755
426	progeny	15	397	397	1379	1756
427	progeny	15	398	398	1380	1757
428	progeny	15	399	399	1381	1758
429	progeny	15	400	400	1383	1759
430	progeny	16	401	401	138	1780
431	progeny	16	402	402	139	1781
432	progeny	16	403	403	140	1782
433	progeny	16	404	404	141	1783
434	progeny	16	405	405	142	1784
435	progeny	16	406	406	1384	1805
436	progeny	16	407	407	1385	1806
437	progeny	16	408	408	1386	1807
438	progeny	16	409	409	1387	1808
439	progeny	16	410	410	1389	1809
440	progeny	16	411	411	1390	1810
441	progeny	16	412	412	1391	1811
442	progeny	16	413	413	1392	1812
443	progeny	16	414	414	1393	1813
444	progeny	16	415	415	1394	1814
445	progeny	16	416	416	1395	1815
446	progeny	16	417	417	1396	1816
447	progeny	16	418	418	1397	1817
448	progeny	16	419	419	1398	1818
449	progeny	16	420	420	1400	1819
450	progeny	16	421	421	1401	1820
451	progeny	16	422	422	1402	1821
452	progeny	16	423	423	1403	1822
453	progeny	16	424	424	1404	1823
454	progeny	16	425	425	1405	1824
455	progeny	17	426	426	143	1825
456	progeny	17	427	427	144	1826
457	progeny	17	428	428	145	1827
458	progeny	17	429	429	146	1828
459	progeny	17	430	430	147	1829
460	progeny	17	431	431	1406	935
461	progeny	17	432	432	1407	936
462	progeny	17	433	433	1408	937
463	progeny	17	434	434	1409	938
464	progeny	17	435	435	1410	154
465	progeny	17	436	436	1411	939
466	progeny	17	437	437	1412	940
467	progeny	17	438	438	1413	941
468	progeny	17	439	439	1414	942
469	progeny	17	440	440	1416	943
470	progeny	17	441	441	1417	944
471	progeny	17	442	442	1418	945
472	progeny	17	443	443	1419	946
473	progeny	17	444	444	1420	947
474	progeny	17	445	445	1421	948
475	progeny	17	446	446	1422	949
476	progeny	17	447	447	1423	950
477	progeny	17	448	448	1424	951
478	progeny	17	449	449	148	952
479	progeny	17	450	450	1426	953
480	progeny	18	451	451	149	954
481	progeny	18	452	452	150	960
482	progeny	18	453	453	151	961
483	progeny	18	454	454	152	962
484	progeny	18	455	455	153	963
485	progeny	18	456	456	1427	964
486	progeny	18	457	457	1428	965
487	progeny	18	458	458	1429	966
488	progeny	18	459	459	1430	967
489	progeny	18	460	460	1431	968
490	progeny	18	461	461	1432	969
491	progeny	18	462	462	1433	970
492	progeny	18	463	463	1434	971
493	progeny	18	464	464	1435	972
494	progeny	18	465	465	1436	973
495	progeny	18	466	466	1437	975
496	progeny	18	467	467	1438	976
497	progeny	18	468	468	1439	977
498	progeny	18	469	469	1440	978
499	progeny	18	470	470	1442	979
500	progeny	18	471	471	1443	985
501	progeny	18	472	472	1444	986
502	progeny	18	473	473	1445	987
503	progeny	18	474	474	1446	988
504	progeny	18	475	475	1447	989
505	progeny	19	476	476	154	990
506	progeny	19	477	477	155	991
507	progeny	19	478	478	156	992
508	progeny	19	479	479	157	993
509	progeny	19	480	480	158	994
510	progeny	19	481	481	1449	995
511	progeny	19	482	482	1450	996
512	progeny	19	483	483	1451	997
513	progeny	19	484	484	1452	998
514	progeny	19	485	485	159	160
515	progeny	19	486	486	1453	999
516	progeny	19	487	487	1454	1000
517	progeny	19	488	488	1455	1001
518	progeny	19	489	489	1456	1002
519	progeny	19	490	490	1458	1003
520	progeny	19	491	491	1459	1004
521	progeny	19	492	492	1460	161
522	progeny	19	493	493	1461	1010
523	progeny	19	494	494	1462	1011
524	progeny	19	495	495	1463	1012
525	progeny	19	496	496	1464	1013
526	progeny	19	497	497	1465	1014
527	progeny	19	498	498	1466	1015
528	progeny	19	499	499	1467	1016
529	progeny	19	500	500	1469	1017
530	progeny	20	501	501	160	1018
531	progeny	20	502	502	161	162
532	progeny	20	503	503	162	1019
533	progeny	20	504	504	163	1020
534	progeny	20	505	505	164	1021
535	progeny	20	506	506	1470	1022
536	progeny	20	507	507	1471	1023
537	progeny	20	508	508	1472	1024
538	progeny	20	509	509	1473	1025
539	progeny	20	510	510	1475	1026
540	progeny	20	511	511	1476	1027
541	progeny	20	512	512	1477	1028
542	progeny	20	513	513	1478	163
543	progeny	20	514	514	1479	64
544	progeny	20	515	515	1480	1029
545	progeny	20	516	516	1481	1035
546	progeny	20	517	517	1482	1036
547	progeny	20	518	518	1483	1037
548	progeny	20	519	519	1484	1038
549	progeny	20	520	520	1485	164
550	progeny	20	521	521	1486	1039
551	progeny	20	522	522	1487	1040
552	progeny	20	523	523	1488	1041
553	progeny	20	524	524	1489	1042
554	progeny	20	525	525	1490	1043
555	progeny	21	526	526	165	1044
556	progeny	21	527	527	166	1045
557	progeny	21	528	528	167	1046
558	progeny	21	529	529	168	1047
559	progeny	21	530	530	169	1048
560	progeny	21	531	531	1491	165
561	progeny	21	532	532	1492	1049
562	progeny	21	533	533	1493	1050
563	progeny	21	534	534	1494	1051
564	progeny	21	535	535	1495	1052
565	progeny	21	536	536	1496	1053
566	progeny	21	537	537	1497	1054
567	progeny	21	538	538	1498	166
568	progeny	21	539	539	1499	1060
569	progeny	21	540	540	1500	1061
570	progeny	21	541	541	1501	1062
571	progeny	21	542	542	1502	1063
572	progeny	21	543	543	1503	1064
573	progeny	21	544	544	1504	1065
574	progeny	21	545	545	1505	1066
575	progeny	21	546	546	1506	1067
576	progeny	21	547	547	1507	1068
577	progeny	21	548	548	1508	167
578	progeny	21	549	549	1509	1069
579	progeny	21	550	550	1510	1070
580	progeny	22	551	551	170	1071
581	progeny	22	552	552	171	1072
582	progeny	22	553	553	172	1073
583	progeny	22	554	554	173	1074
584	progeny	22	555	555	174	1075
585	progeny	22	556	556	1511	1076
586	progeny	22	557	557	1512	1077
587	progeny	22	558	558	1513	1078
588	progeny	22	559	559	1514	168
589	progeny	22	560	560	1515	1079
590	progeny	22	561	561	1516	1085
591	progeny	22	562	562	1517	1086
592	progeny	22	563	563	1518	1087
593	progeny	22	564	564	1519	1088
594	progeny	22	565	565	1520	169
595	progeny	22	566	566	1521	1089
596	progeny	22	567	567	1522	1090
597	progeny	22	568	568	1523	1091
598	progeny	22	569	569	1524	1092
599	progeny	22	570	570	1525	1093
600	progeny	22	571	571	1526	1094
601	progeny	22	572	572	1527	1096
602	progeny	22	573	573	1528	1097
603	progeny	22	574	574	1529	1098
604	progeny	22	575	575	1530	170
605	progeny	23	576	576	175	1099
606	progeny	23	577	577	176	1100
607	progeny	23	578	578	177	1101
608	progeny	23	579	579	178	1102
609	progeny	23	580	580	179	1103
610	progeny	23	581	581	1532	1104
611	progeny	23	582	582	1533	171
612	progeny	23	583	583	1534	1110
613	progeny	23	584	584	1535	1111
614	progeny	23	585	585	1536	1112
615	progeny	23	586	586	1537	1113
616	progeny	23	587	587	1538	1114
617	progeny	23	588	588	1539	1115
618	progeny	23	589	589	1540	1116
619	progeny	23	590	590	1542	1117
620	progeny	23	591	591	1543	1118
621	progeny	23	592	592	1544	172
622	progeny	23	593	593	1545	1119
623	progeny	23	594	594	1546	1120
624	progeny	23	595	595	1547	1121
625	progeny	23	596	596	1548	1122
626	progeny	23	597	597	1549	1123
627	progeny	23	598	598	1550	1124
628	progeny	23	599	599	1551	1125
629	progeny	23	600	600	1553	1126
630	progeny	24	601	601	180	1127
631	progeny	24	602	602	181	1128
632	progeny	24	603	603	182	173
633	progeny	24	604	604	183	65
634	progeny	24	605	605	184	1129
635	progeny	24	606	606	1554	1135
636	progeny	24	607	607	1555	1136
637	progeny	24	608	608	1556	1137
638	progeny	24	609	609	1557	1138
639	progeny	24	610	610	1559	174
640	progeny	24	611	611	1560	1139
641	progeny	24	612	612	1561	1140
642	progeny	24	613	613	1562	1141
643	progeny	24	614	614	1563	1142
644	progeny	24	615	615	1564	1144
645	progeny	24	616	616	1565	1145
646	progeny	24	617	617	1566	1146
647	progeny	24	618	618	1567	1147
648	progeny	24	619	619	1568	1148
649	progeny	24	620	620	1570	175
650	progeny	24	621	621	1571	1149
651	progeny	24	622	622	1572	1150
652	progeny	24	623	623	1573	1151
653	progeny	24	624	624	1574	1152
654	progeny	24	625	625	1575	176
655	progeny	25	626	626	185	1160
656	progeny	25	627	627	186	1161
657	progeny	25	628	628	187	1162
658	progeny	25	629	629	188	1163
659	progeny	25	630	630	189	1164
660	progeny	25	631	631	1577	1165
661	progeny	25	632	632	1578	1166
662	progeny	25	633	633	1579	1167
663	progeny	25	634	634	1580	1168
664	progeny	25	635	635	1581	177
665	progeny	25	636	636	1582	1169
666	progeny	25	637	637	1583	1170
667	progeny	25	638	638	1584	1171
668	progeny	25	639	639	1585	1172
669	progeny	25	640	640	1587	1173
670	progeny	25	641	641	1588	1174
671	progeny	25	642	642	1589	1175
672	progeny	25	643	643	1590	1176
673	progeny	25	644	644	1591	1177
674	progeny	25	645	645	1592	1178
675	progeny	25	646	646	1593	178
676	progeny	25	647	647	1594	1179
677	progeny	25	648	648	1595	1185
678	progeny	25	649	649	1596	1186
679	progeny	25	650	650	1598	1187
680	progeny	26	651	651	190	1188
681	progeny	26	652	652	191	179
682	progeny	26	653	653	192	1189
683	progeny	26	654	654	193	1190
684	progeny	26	655	655	194	1191
685	progeny	26	656	656	1599	1192
686	progeny	26	657	657	1600	1193
687	progeny	26	658	658	1601	1194
688	progeny	26	659	659	1602	1195
689	progeny	26	660	660	1604	1197
690	progeny	26	661	661	1605	1198
691	progeny	26	662	662	1606	1199
692	progeny	26	663	663	1607	1200
693	progeny	26	664	664	1608	1201
694	progeny	26	665	665	1609	1202
695	progeny	26	666	666	1610	1203
696	progeny	26	667	667	1611	1204
697	progeny	26	668	668	1612	1210
698	progeny	26	669	669	1613	1211
699	progeny	26	670	670	1615	1212
700	progeny	26	671	671	1616	1213
701	progeny	26	672	672	1617	1214
702	progeny	26	673	673	1618	1215
703	progeny	26	674	674	1619	1216
704	progeny	26	675	675	1620	1217
705	progeny	27	676	676	195	1218
706	progeny	27	677	677	196	1219
707	progeny	27	678	678	197	1220
708	progeny	27	679	679	198	1221
709	progeny	27	680	680	199	1222
710	progeny	27	681	681	1622	1223
711	progeny	27	682	682	1623	1224
712	progeny	27	683	683	1624	1225
713	progeny	27	684	684	1625	1226
714	progeny	27	685	685	1626	1227
715	progeny	27	686	686	1627	1228
716	progeny	27	687	687	1628	66
717	progeny	27	688	688	1629	1229
718	progeny	27	689	689	1630	1235
719	progeny	27	690	690	1632	1236
720	progeny	27	691	691	1633	1237
721	progeny	27	692	692	1634	1238
722	progeny	27	693	693	1635	1239
723	progeny	27	694	694	1636	1240
724	progeny	27	695	695	1637	1241
725	progeny	27	696	696	1638	1242
726	progeny	27	697	697	1639	1243
727	progeny	27	698	698	1640	1244
728	progeny	27	699	699	1641	1245
729	progeny	27	700	700	1644	1246
730	progeny	28	701	701	200	1247
731	progeny	28	702	702	201	1248
732	progeny	28	703	703	202	185
733	progeny	28	704	704	203	1249
734	progeny	28	705	705	204	1250
735	progeny	28	706	706	1645	1251
736	progeny	28	707	707	1646	1252
737	progeny	28	708	708	1647	1253
738	progeny	28	709	709	1648	1254
739	progeny	28	710	710	1650	186
740	progeny	28	711	711	1651	1260
741	progeny	28	712	712	1652	1261
742	progeny	28	713	713	1653	1262
743	progeny	28	714	714	1654	1263
744	progeny	28	715	715	1655	1264
745	progeny	28	716	716	1656	1265
746	progeny	28	717	717	1657	1266
747	progeny	28	718	718	1658	1267
748	progeny	28	719	719	1659	1268
749	progeny	28	720	720	1661	187
750	progeny	28	721	721	1662	1269
751	progeny	28	722	722	1663	1270
752	progeny	28	723	723	1664	1271
753	progeny	28	724	724	1665	1272
754	progeny	28	725	725	1666	1273
755	progeny	29	726	726	205	1274
756	progeny	29	727	727	206	1275
757	progeny	29	728	728	207	1277
758	progeny	29	729	729	208	1278
759	progeny	29	730	730	209	188
760	progeny	29	731	731	1668	1279
761	progeny	29	732	732	1669	1285
762	progeny	29	733	733	1670	1286
763	progeny	29	734	734	1671	1287
764	progeny	29	735	735	1672	1288
765	progeny	29	736	736	1673	189
766	progeny	29	737	737	1674	1290
767	progeny	29	738	738	1675	1291
768	progeny	29	739	739	1676	1292
769	progeny	29	740	740	1678	1293
770	progeny	29	741	741	1679	1294
771	progeny	29	742	742	1680	1295
772	progeny	29	743	743	1681	1296
773	progeny	29	744	744	1682	1297
774	progeny	29	745	745	1683	1298
775	progeny	29	746	746	1684	190
776	progeny	29	747	747	1685	1300
777	progeny	29	748	748	1686	1301
778	progeny	29	749	749	1687	1302
779	progeny	29	750	750	1689	1303
780	progeny	30	751	751	210	1304
781	progeny	30	752	752	211	191
782	progeny	30	753	753	212	1311
783	progeny	30	754	754	213	1313
784	progeny	30	755	755	214	1314
785	progeny	30	756	756	1690	1315
786	progeny	30	757	757	1691	1316
787	progeny	30	758	758	1692	1317
788	progeny	30	759	759	1693	1318
789	progeny	30	760	760	1695	192
790	progeny	30	761	761	1696	1319
791	progeny	30	762	762	1697	1320
792	progeny	30	763	763	1698	1321
793	progeny	30	764	764	1699	1322
794	progeny	30	765	765	1700	1323
795	progeny	30	766	766	1701	1324
796	progeny	30	767	767	1702	1325
797	progeny	30	768	768	1703	1326
798	progeny	30	769	769	1704	1327
799	progeny	30	770	770	1705	1328
800	progeny	30	771	771	1706	193
801	progeny	30	772	772	1707	67
802	progeny	30	773	773	1708	1329
803	progeny	30	774	774	1709	1335
804	progeny	30	775	775	1710	1336
805	progeny	31	776	776	215	1337
806	progeny	31	777	777	216	1338
807	progeny	31	778	778	217	194
808	progeny	31	779	779	218	1339
809	progeny	31	780	780	219	1340
810	progeny	31	781	781	1711	1341
811	progeny	31	782	782	1712	1342
812	progeny	31	783	783	1713	1343
813	progeny	31	784	784	1714	1344
814	progeny	31	785	785	1715	1345
815	progeny	31	786	786	1716	1346
816	progeny	31	787	787	1717	1347
817	progeny	31	788	788	1718	1348
818	progeny	31	789	789	1719	195
819	progeny	31	790	790	1720	1350
820	progeny	31	791	791	1721	1351
821	progeny	31	792	792	1722	1352
822	progeny	31	793	793	1723	1353
823	progeny	31	794	794	1724	1354
824	progeny	31	795	795	1725	196
825	progeny	31	796	796	1726	1360
826	progeny	31	797	797	1727	1361
827	progeny	31	798	798	1728	1362
828	progeny	31	799	799	1729	1363
829	progeny	31	800	800	220	1364
830	progeny	32	801	801	221	1365
831	progeny	32	802	802	222	1366
832	progeny	32	803	803	223	1367
833	progeny	32	804	804	224	1368
834	progeny	32	805	805	225	197
835	progeny	32	806	806	1731	1369
836	progeny	32	807	807	1732	1370
837	progeny	32	808	808	1733	1371
838	progeny	32	809	809	1734	1372
839	progeny	32	810	810	1735	1373
840	progeny	32	811	811	1736	1374
841	progeny	32	812	812	1737	1375
842	progeny	32	813	813	1738	1376
843	progeny	32	814	814	1739	1377
844	progeny	32	815	815	1740	1378
845	progeny	32	816	816	1741	198
846	progeny	32	817	817	1742	1379
847	progeny	32	818	818	1743	1385
848	progeny	32	819	819	1744	1386
849	progeny	32	820	820	1746	1387
850	progeny	32	821	821	1747	1388
851	progeny	32	822	822	1748	199
852	progeny	32	823	823	1749	1389
853	progeny	32	824	824	1750	1392
854	progeny	32	825	825	1751	1394
855	progeny	33	826	826	226	1395
856	progeny	33	827	827	227	1396
857	progeny	33	828	828	228	1397
858	progeny	33	829	829	229	1398
859	progeny	33	830	830	230	200
860	progeny	33	831	831	1753	1399
861	progeny	33	832	832	1754	1400
862	progeny	33	833	833	1755	1401
863	progeny	33	834	834	1756	1402
864	progeny	33	835	835	1757	1403
865	progeny	33	836	836	1758	1404
866	progeny	33	837	837	1759	201
867	progeny	33	838	838	1760	1410
868	progeny	33	839	839	1761	1411
869	progeny	33	840	840	1763	1412
870	progeny	33	841	841	1764	1413
871	progeny	33	842	842	1765	1414
872	progeny	33	843	843	1766	1415
873	progeny	33	844	844	1767	1416
874	progeny	33	845	845	1768	1417
875	progeny	33	846	846	1769	1418
876	progeny	33	847	847	1770	202
877	progeny	33	848	848	1771	1419
878	progeny	33	849	849	1772	1420
879	progeny	33	850	850	1774	1421
880	progeny	34	851	851	231	1422
881	progeny	34	852	852	232	1423
882	progeny	34	853	853	233	1424
883	progeny	34	854	854	234	1425
884	progeny	34	855	855	235	1426
885	progeny	34	856	856	1775	1427
886	progeny	34	857	857	1776	1428
887	progeny	34	858	858	1777	203
888	progeny	34	859	859	1778	68
889	progeny	34	860	860	1780	1429
890	progeny	34	861	861	1781	1435
891	progeny	34	862	862	1782	1436
892	progeny	34	863	863	1783	1437
893	progeny	34	864	864	1784	1438
894	progeny	34	865	865	1785	204
895	progeny	34	866	866	1786	1439
896	progeny	34	867	867	1787	1440
897	progeny	34	868	868	1788	1441
898	progeny	34	869	869	1789	1442
899	progeny	34	870	870	1791	1443
900	progeny	34	871	871	1792	1444
901	progeny	34	872	872	1793	1445
902	progeny	34	873	873	1794	1446
903	progeny	34	874	874	1795	1447
904	progeny	34	875	875	1796	1448
905	progeny	35	876	876	236	1449
906	progeny	35	877	877	237	1450
907	progeny	35	878	878	238	1451
908	progeny	35	879	879	239	1452
909	progeny	35	880	880	240	1453
910	progeny	35	881	881	1798	1454
911	progeny	35	882	882	1799	1460
912	progeny	35	883	883	1800	1461
913	progeny	35	884	884	1801	1462
914	progeny	35	885	885	1802	1463
915	progeny	35	886	886	1803	1464
916	progeny	35	887	887	1804	1465
917	progeny	35	888	888	1805	1466
918	progeny	35	889	889	1806	1467
919	progeny	35	890	890	1808	1468
920	progeny	35	891	891	1809	1469
921	progeny	35	892	892	1810	1470
922	progeny	35	893	893	1811	1471
923	progeny	35	894	894	1812	1472
924	progeny	35	895	895	1813	1473
925	progeny	35	896	896	1814	1474
926	progeny	35	897	897	1815	1475
927	progeny	35	898	898	1816	1476
928	progeny	35	899	899	1817	1477
929	progeny	35	900	900	1819	1478
930	progeny	36	1001	1001	241	1479
931	progeny	36	1002	1002	242	1485
932	progeny	36	1003	1003	243	1486
933	progeny	36	1004	1004	244	1487
934	progeny	36	1005	1005	245	1488
935	progeny	36	1006	1006	460	1489
936	progeny	36	1007	1007	461	1490
937	progeny	36	1008	1008	462	1491
938	progeny	36	1009	1009	463	1492
939	progeny	36	1010	1010	465	1493
940	progeny	36	1011	1011	466	1494
941	progeny	36	1012	1012	467	1495
942	progeny	36	1013	1013	468	1496
943	progeny	36	1014	1014	469	1497
944	progeny	36	1015	1015	470	1498
945	progeny	36	1016	1016	471	210
946	progeny	36	1017	1017	472	1499
947	progeny	36	1018	1018	473	1500
948	progeny	36	1019	1019	474	1501
949	progeny	36	1020	1020	475	1502
950	progeny	36	1021	1021	476	1503
951	progeny	36	1022	1022	477	1504
952	progeny	36	1023	1023	478	211
953	progeny	36	1024	1024	479	1510
954	progeny	36	1025	1025	480	1511
955	progeny	37	1026	1026	246	1512
956	progeny	37	1027	1027	247	1513
957	progeny	37	1028	1028	248	1514
958	progeny	37	1029	1029	249	1515
959	progeny	37	1030	1030	250	1516
960	progeny	37	1031	1031	481	1518
961	progeny	37	1032	1032	482	212
962	progeny	37	1033	1033	483	1519
963	progeny	37	1034	1034	484	1520
964	progeny	37	1035	1035	485	1521
965	progeny	37	1036	1036	486	1523
966	progeny	37	1037	1037	487	1524
967	progeny	37	1038	1038	488	1525
968	progeny	37	1039	1039	489	1526
969	progeny	37	1040	1040	490	1527
970	progeny	37	1041	1041	491	1528
971	progeny	37	1042	1042	492	213
972	progeny	37	1043	1043	493	69
973	progeny	37	1044	1044	494	1529
974	progeny	37	1045	1045	251	1535
975	progeny	37	1046	1046	495	1536
976	progeny	37	1047	1047	496	1537
977	progeny	37	1048	1048	497	1538
978	progeny	37	1049	1049	498	214
979	progeny	37	1050	1050	499	1539
980	progeny	38	1051	1051	252	1540
981	progeny	38	1052	1052	253	1541
982	progeny	38	1053	1053	254	1542
983	progeny	38	1054	1054	255	1543
984	progeny	38	1055	1055	256	1544
985	progeny	38	1056	1056	500	1545
986	progeny	38	1057	1057	501	1546
987	progeny	38	1058	1058	502	1547
988	progeny	38	1059	1059	503	1548
989	progeny	38	1060	1060	504	215
990	progeny	38	1061	1061	505	1549
991	progeny	38	1062	1062	506	1550
992	progeny	38	1063	1063	507	1551
993	progeny	38	1064	1064	508	1552
994	progeny	38	1065	1065	509	1553
995	progeny	38	1066	1066	510	1554
996	progeny	38	1067	1067	511	216
997	progeny	38	1068	1068	512	1560
998	progeny	38	1069	1069	513	1561
999	progeny	38	1070	1070	515	1562
1000	progeny	38	1071	1071	516	1563
1001	progeny	38	1072	1072	517	1564
1002	progeny	38	1073	1073	518	1565
1003	progeny	38	1074	1074	519	1566
1004	progeny	38	1075	1075	520	1567
1005	progeny	39	1076	1076	257	1568
1006	progeny	39	1077	1077	258	217
1007	progeny	39	1078	1078	259	1569
1008	progeny	39	1079	1079	260	1570
1009	progeny	39	1080	1080	261	1571
1010	progeny	39	1081	1081	522	1572
1011	progeny	39	1082	1082	523	1573
1012	progeny	39	1083	1083	524	1574
1013	progeny	39	1084	1084	525	1575
1014	progeny	39	1085	1085	526	1576
1015	progeny	39	1086	1086	527	1577
1016	progeny	39	1087	1087	528	1578
1017	progeny	39	1088	1088	529	218
1018	progeny	39	1089	1089	530	1579
1019	progeny	39	1090	1090	532	1585
1020	progeny	39	1091	1091	533	1586
1021	progeny	39	1092	1092	534	1587
1022	progeny	39	1093	1093	535	1588
1023	progeny	39	1094	1094	536	219
1024	progeny	39	1095	1095	537	1589
1025	progeny	39	1096	1096	538	1590
1026	progeny	39	1097	1097	539	1591
1027	progeny	39	1098	1098	540	1592
1028	progeny	39	1099	1099	541	1593
1029	progeny	39	1100	1100	544	1594
1030	progeny	40	1101	1101	262	1595
1031	progeny	40	1102	1102	263	1596
1032	progeny	40	1103	1103	264	1597
1033	progeny	40	1104	1104	265	1598
1034	progeny	40	1105	1105	266	1599
1035	progeny	40	1106	1106	545	1600
1036	progeny	40	1107	1107	546	1601
1037	progeny	40	1108	1108	547	1602
1038	progeny	40	1109	1109	548	1603
1039	progeny	40	1110	1110	550	1604
1040	progeny	40	1111	1111	551	221
1041	progeny	40	1112	1112	552	1610
1042	progeny	40	1113	1113	553	1611
1043	progeny	40	1114	1114	554	1612
1044	progeny	40	1115	1115	555	1613
1045	progeny	40	1116	1116	556	1615
1046	progeny	40	1117	1117	557	1616
1047	progeny	40	1118	1118	558	1617
1048	progeny	40	1119	1119	559	1618
1049	progeny	40	1120	1120	561	222
1050	progeny	40	1121	1121	562	1619
1051	progeny	40	1122	1122	563	1620
1052	progeny	40	1123	1123	564	1621
1053	progeny	40	1124	1124	565	1622
1054	progeny	40	1125	1125	566	1623
1055	progeny	41	1126	1126	267	1624
1056	progeny	41	1127	1127	268	1625
1057	progeny	41	1128	1128	269	1626
1058	progeny	41	1129	1129	270	1627
1059	progeny	41	1130	1130	271	1628
1060	progeny	41	1131	1131	568	223
1061	progeny	41	1132	1132	569	70
1062	progeny	41	1133	1133	570	1629
1063	progeny	41	1134	1134	571	1635
1064	progeny	41	1135	1135	572	1636
1065	progeny	41	1136	1136	573	1637
1066	progeny	41	1137	1137	574	1638
1067	progeny	41	1138	1138	575	224
1068	progeny	41	1139	1139	576	1639
1069	progeny	41	1140	1140	578	1640
1070	progeny	41	1141	1141	579	1641
1071	progeny	41	1142	1142	580	1642
1072	progeny	41	1143	1143	581	1643
1073	progeny	41	1144	1144	582	1644
1074	progeny	41	1145	1145	583	1645
1075	progeny	41	1146	1146	584	1646
1076	progeny	41	1147	1147	585	1647
1077	progeny	41	1148	1148	586	1648
1078	progeny	41	1149	1149	587	225
1079	progeny	41	1150	1150	589	1649
1080	progeny	42	1151	1151	272	1650
1081	progeny	42	1152	1152	273	1651
1082	progeny	42	1153	1153	274	1652
1083	progeny	42	1154	1154	275	1653
1084	progeny	42	1155	1155	276	1654
1085	progeny	42	1156	1156	590	226
1086	progeny	42	1157	1157	591	1660
1087	progeny	42	1158	1158	592	1661
1088	progeny	42	1159	1159	593	1662
1089	progeny	42	1160	1160	595	1663
1090	progeny	42	1161	1161	596	1664
1091	progeny	42	1162	1162	597	1665
1092	progeny	42	1163	1163	598	1666
1093	progeny	42	1164	1164	599	1667
1094	progeny	42	1165	1165	600	1668
1095	progeny	42	1166	1166	277	227
1096	progeny	42	1167	1167	601	1669
1097	progeny	42	1168	1168	602	1670
1098	progeny	42	1169	1169	603	1671
1099	progeny	42	1170	1170	605	1672
1100	progeny	42	1171	1171	606	1673
1101	progeny	42	1172	1172	607	1674
1102	progeny	42	1173	1173	608	1675
1103	progeny	42	1174	1174	609	1676
1104	progeny	42	1175	1175	610	1677
1105	progeny	43	1176	1176	278	1678
1106	progeny	43	1177	1177	279	228
1107	progeny	43	1178	1178	280	1679
1108	progeny	43	1179	1179	281	1685
1109	progeny	43	1180	1180	282	1686
1110	progeny	43	1181	1181	612	1687
1111	progeny	43	1182	1182	613	1688
1112	progeny	43	1183	1183	614	229
1113	progeny	43	1184	1184	615	1689
1114	progeny	43	1185	1185	616	1690
1115	progeny	43	1186	1186	617	1691
1116	progeny	43	1187	1187	618	1692
1117	progeny	43	1188	1188	619	1693
1118	progeny	43	1189	1189	620	1694
1119	progeny	43	1190	1190	622	1695
1120	progeny	43	1191	1191	623	1696
1121	progeny	43	1192	1192	624	1697
1122	progeny	43	1193	1193	625	1698
1123	progeny	43	1194	1194	626	1699
1124	progeny	43	1195	1195	627	1700
1125	progeny	43	1196	1196	628	1701
1126	progeny	43	1197	1197	629	1702
1127	progeny	43	1198	1198	630	1703
1128	progeny	43	1199	1199	631	1704
1129	progeny	43	1200	1200	634	1710
1130	progeny	44	1201	1201	283	1711
1131	progeny	44	1202	1202	284	1712
1132	progeny	44	1203	1203	285	1713
1133	progeny	44	1204	1204	286	1714
1134	progeny	44	1205	1205	287	1715
1135	progeny	44	1206	1206	635	1716
1136	progeny	44	1207	1207	636	1717
1137	progeny	44	1208	1208	637	1718
1138	progeny	44	1209	1209	638	1719
1139	progeny	44	1210	1210	640	1720
1140	progeny	44	1211	1211	641	1721
1141	progeny	44	1212	1212	642	1722
1142	progeny	44	1213	1213	643	1723
1143	progeny	44	1214	1214	288	1724
1144	progeny	44	1215	1215	644	1725
1145	progeny	44	1216	1216	645	1726
1146	progeny	44	1217	1217	646	1727
1147	progeny	44	1218	1218	647	1728
1148	progeny	44	1219	1219	648	71
1149	progeny	44	1220	1220	650	1729
1150	progeny	44	1221	1221	651	1735
1151	progeny	44	1222	1222	652	1736
1152	progeny	44	1223	1223	653	1737
1153	progeny	44	1224	1224	289	1738
1154	progeny	44	1225	1225	290	1740
1155	progeny	45	1226	1226	291	1741
1156	progeny	45	1227	1227	292	1742
1157	progeny	45	1228	1228	293	1743
1158	progeny	45	1229	1229	294	1744
1159	progeny	45	1230	1230	295	1745
1160	progeny	45	1231	1231	655	1746
1161	progeny	45	1232	1232	656	1747
1162	progeny	45	1233	1233	657	1748
1163	progeny	45	1234	1234	658	235
1164	progeny	45	1235	1235	659	1749
1165	progeny	45	1236	1236	660	1750
1166	progeny	45	1237	1237	661	1751
1167	progeny	45	1238	1238	662	1752
1168	progeny	45	1239	1239	663	1753
1169	progeny	45	1240	1240	665	1754
1170	progeny	45	1241	1241	666	236
1171	progeny	45	1242	1242	667	1760
1172	progeny	45	1243	1243	668	1761
1173	progeny	45	1244	1244	669	1762
1174	progeny	45	1245	1245	670	1763
1175	progeny	45	1246	1246	671	1764
1176	progeny	45	1247	1247	672	1765
1177	progeny	45	1248	1248	673	1766
1178	progeny	45	1249	1249	674	1767
1179	progeny	45	1250	1250	676	1768
1180	progeny	46	1251	1251	296	237
1181	progeny	46	1252	1252	297	1769
1182	progeny	46	1253	1253	298	1770
1183	progeny	46	1254	1254	299	1771
1184	progeny	46	1255	1255	300	1772
1185	progeny	46	1256	1256	677	1773
1186	progeny	46	1257	1257	678	1774
1187	progeny	46	1258	1258	679	1775
1188	progeny	46	1259	1259	680	1776
1189	progeny	46	1260	1260	682	1777
1190	progeny	46	1261	1261	683	1778
1191	progeny	46	1262	1262	684	238
1192	progeny	46	1263	1263	685	1779
1193	progeny	46	1264	1264	686	1785
1194	progeny	46	1265	1265	687	1786
1195	progeny	46	1266	1266	688	1787
1196	progeny	46	1267	1267	301	1788
1197	progeny	46	1268	1268	689	239
1198	progeny	46	1269	1269	690	1789
1199	progeny	46	1270	1270	691	1790
1200	progeny	46	1271	1271	692	1791
1201	progeny	46	1272	1272	693	1792
1202	progeny	46	1273	1273	694	1793
1203	progeny	46	1274	1274	695	1794
1204	progeny	46	1275	1275	696	1795
1205	progeny	47	1276	1276	302	1796
1206	progeny	47	1277	1277	303	1797
1207	progeny	47	1278	1278	304	1798
1208	progeny	47	1279	1279	305	240
1209	progeny	47	1280	1280	306	1799
1210	progeny	47	1281	1281	697	1800
1211	progeny	47	1282	1282	698	1801
1212	progeny	47	1283	1283	699	1802
1213	progeny	47	1284	1284	700	1803
1214	progeny	47	1285	1285	701	1804
1215	progeny	47	1286	1286	702	241
1216	progeny	47	1287	1287	703	242
1217	progeny	47	1288	1288	704	243
1218	progeny	47	1289	1289	705	72
1219	progeny	47	1290	1290	706	244
1220	progeny	47	1291	1291	707	245
1221	progeny	47	1292	1292	708	246
1222	progeny	47	1293	1293	709	247
1223	progeny	47	1294	1294	710	248
1224	progeny	47	1295	1295	711	249
1225	progeny	47	1296	1296	712	250
1226	progeny	47	1297	1297	713	251
1227	progeny	47	1298	1298	714	252
1228	progeny	47	1299	1299	715	253
1229	progeny	47	1300	1300	717	73
1230	progeny	48	1301	1301	307	254
1231	progeny	48	1302	1302	308	260
1232	progeny	48	1303	1303	309	261
1233	progeny	48	1304	1304	310	262
1234	progeny	48	1305	1305	311	263
1235	progeny	48	1306	1306	718	74
1236	progeny	48	1307	1307	719	264
1237	progeny	48	1308	1308	720	265
1238	progeny	48	1309	1309	721	266
1239	progeny	48	1310	1310	722	267
1240	progeny	48	1311	1311	723	268
1241	progeny	48	1312	1312	724	269
1242	progeny	48	1313	1313	725	270
1243	progeny	48	1314	1314	726	271
1244	progeny	48	1315	1315	727	272
1245	progeny	48	1316	1316	728	273
1246	progeny	48	1317	1317	729	75
1247	progeny	48	1318	1318	730	274
1248	progeny	48	1319	1319	731	275
1249	progeny	48	1320	1320	733	276
1250	progeny	48	1321	1321	734	277
1251	progeny	48	1322	1322	735	278
1252	progeny	48	1323	1323	736	279
1253	progeny	48	1324	1324	737	76
1254	progeny	48	1325	1325	738	285
1255	progeny	49	1326	1326	312	286
1256	progeny	49	1327	1327	313	287
1257	progeny	49	1328	1328	314	288
1258	progeny	49	1329	1329	315	289
1259	progeny	49	1330	1330	316	290
1260	progeny	49	1331	1331	740	291
1261	progeny	49	1332	1332	741	292
1262	progeny	49	1333	1333	742	293
1263	progeny	49	1334	1334	743	77
1264	progeny	49	1335	1335	744	294
1265	progeny	49	1336	1336	745	295
1266	progeny	49	1337	1337	746	296
1267	progeny	49	1338	1338	747	297
1268	progeny	49	1339	1339	748	298
1269	progeny	49	1340	1340	750	299
1270	progeny	49	1341	1341	751	300
1271	progeny	49	1342	1342	752	301
1272	progeny	49	1343	1343	753	302
1273	progeny	49	1344	1344	754	303
1274	progeny	49	1345	1345	755	78
1275	progeny	49	1346	1346	756	304
1276	progeny	49	1347	1347	317	310
1277	progeny	49	1348	1348	757	311
1278	progeny	49	1349	1349	758	312
1279	progeny	49	1350	1350	760	313
1280	progeny	50	1351	1351	318	79
1281	progeny	50	1352	1352	319	314
1282	progeny	50	1353	1353	320	315
1283	progeny	50	1354	1354	321	316
1284	progeny	50	1355	1355	322	317
1285	progeny	50	1356	1356	761	318
1286	progeny	50	1357	1357	762	319
1287	progeny	50	1358	1358	763	320
1288	progeny	50	1359	1359	764	321
1289	progeny	50	1360	1360	323	322
1290	progeny	50	1361	1361	766	323
1291	progeny	50	1362	1362	767	324
1292	progeny	50	1363	1363	768	325
1293	progeny	50	1364	1364	769	326
1294	progeny	50	1365	1365	770	327
1295	progeny	50	1366	1366	771	328
1296	progeny	50	1367	1367	772	329
1297	progeny	50	1368	1368	773	335
1298	progeny	50	1369	1369	774	336
1299	progeny	50	1370	1370	324	337
1300	progeny	50	1371	1371	776	338
1301	progeny	50	1372	1372	777	339
1302	progeny	50	1373	1373	778	340
1303	progeny	50	1374	1374	779	341
1304	progeny	50	1375	1375	780	342
1305	progeny	51	1376	1376	325	343
1306	progeny	51	1377	1377	326	344
1307	progeny	51	1378	1378	327	345
1308	progeny	51	1379	1379	328	346
1309	progeny	51	1380	1380	329	347
1310	progeny	51	1381	1381	330	348
1311	progeny	51	1382	1382	782	349
1312	progeny	51	1383	1383	331	350
1313	progeny	51	1384	1384	783	351
1314	progeny	51	1385	1385	784	352
1315	progeny	51	1386	1386	785	353
1316	progeny	51	1387	1387	786	354
1317	progeny	51	1388	1388	787	360
1318	progeny	51	1389	1389	788	361
1319	progeny	51	1390	1390	790	362
1320	progeny	51	1391	1391	791	363
1321	progeny	51	1392	1392	792	364
1322	progeny	51	1393	1393	793	365
1323	progeny	51	1394	1394	794	366
1324	progeny	51	1395	1395	795	367
1325	progeny	51	1396	1396	796	368
1326	progeny	51	1397	1397	797	369
1327	progeny	51	1398	1398	798	370
1328	progeny	51	1399	1399	799	371
1329	progeny	51	1400	1400	802	372
1330	progeny	52	1401	1401	332	85
1331	progeny	52	1402	1402	333	375
1332	progeny	52	1403	1403	334	376
1333	progeny	52	1404	1404	335	377
1334	progeny	52	1405	1405	336	378
1335	progeny	52	1406	1406	803	379
1336	progeny	52	1407	1407	804	86
1337	progeny	52	1408	1408	805	87
1338	progeny	52	1409	1409	806	88
1339	progeny	52	1410	1410	808	385
1340	progeny	52	1411	1411	809	386
1341	progeny	52	1412	1412	810	387
1342	progeny	52	1413	1413	811	388
1343	progeny	52	1414	1414	812	89
1344	progeny	52	1415	1415	813	389
1345	progeny	52	1416	1416	814	390
1346	progeny	52	1417	1417	815	391
1347	progeny	52	1418	1418	816	392
1348	progeny	52	1419	1419	817	393
1349	progeny	52	1420	1420	337	394
1350	progeny	52	1421	1421	819	395
1351	progeny	52	1422	1422	820	396
1352	progeny	52	1423	1423	821	397
1353	progeny	52	1424	1424	822	398
1354	progeny	52	1425	1425	823	90
1355	progeny	53	1426	1426	338	399
1356	progeny	53	1427	1427	339	400
1357	progeny	53	1428	1428	340	401
1358	progeny	53	1429	1429	341	402
1359	progeny	53	1430	1430	342	403
1360	progeny	53	1431	1431	825	404
1361	progeny	53	1432	1432	826	91
1362	progeny	53	1433	1433	827	410
1363	progeny	53	1434	1434	828	411
1364	progeny	53	1435	1435	829	412
1365	progeny	53	1436	1436	830	413
1366	progeny	53	1437	1437	831	414
1367	progeny	53	1438	1438	832	415
1368	progeny	53	1439	1439	833	416
1369	progeny	53	1440	1440	835	417
1370	progeny	53	1441	1441	836	418
1371	progeny	53	1442	1442	837	92
1372	progeny	53	1443	1443	838	419
1373	progeny	53	1444	1444	839	420
1374	progeny	53	1445	1445	840	421
1375	progeny	53	1446	1446	841	422
1376	progeny	53	1447	1447	842	423
1377	progeny	53	1448	1448	843	424
1378	progeny	53	1449	1449	844	425
1379	progeny	53	1450	1450	846	426
1380	progeny	54	1451	1451	343	427
1381	progeny	54	1452	1452	344	428
1382	progeny	54	1453	1453	345	93
1383	progeny	54	1454	1454	346	429
1384	progeny	54	1455	1455	347	435
1385	progeny	54	1456	1456	847	436
1386	progeny	54	1457	1457	848	437
1387	progeny	54	1458	1458	849	438
1388	progeny	54	1459	1459	850	94
1389	progeny	54	1460	1460	852	439
1390	progeny	54	1461	1461	348	440
1391	progeny	54	1462	1462	349	441
1392	progeny	54	1463	1463	853	442
1393	progeny	54	1464	1464	350	443
1394	progeny	54	1465	1465	854	444
1395	progeny	54	1466	1466	855	445
1396	progeny	54	1467	1467	856	446
1397	progeny	54	1468	1468	857	447
1398	progeny	54	1469	1469	858	448
1399	progeny	54	1470	1470	860	95
1400	progeny	54	1471	1471	861	449
1401	progeny	54	1472	1472	862	450
1402	progeny	54	1473	1473	863	451
1403	progeny	54	1474	1474	864	452
1404	progeny	54	1475	1475	865	453
1405	progeny	55	1476	1476	357	454
1406	progeny	55	1477	1477	358	460
1407	progeny	55	1478	1478	359	461
1408	progeny	55	1479	1479	360	462
1409	progeny	55	1480	1480	361	463
1410	progeny	55	1481	1481	867	464
1411	progeny	55	1482	1482	868	465
1412	progeny	55	1483	1483	869	466
1413	progeny	55	1484	1484	870	467
1414	progeny	55	1485	1485	871	468
1415	progeny	55	1486	1486	872	97
1416	progeny	55	1487	1487	873	469
1417	progeny	55	1488	1488	874	470
1418	progeny	55	1489	1489	875	471
1419	progeny	55	1490	1490	877	472
1420	progeny	55	1491	1491	878	473
1421	progeny	55	1492	1492	879	474
1422	progeny	55	1493	1493	880	475
1423	progeny	55	1494	1494	881	476
1424	progeny	55	1495	1495	882	477
1425	progeny	55	1496	1496	883	98
1426	progeny	55	1497	1497	884	479
1427	progeny	55	1498	1498	885	485
1428	progeny	55	1499	1499	886	486
1429	progeny	55	1500	1500	889	487
1430	progeny	56	1501	1501	362	488
1431	progeny	56	1502	1502	363	489
1432	progeny	56	1503	1503	364	490
1433	progeny	56	1504	1504	365	491
1434	progeny	56	1505	1505	366	492
1435	progeny	56	1506	1506	890	493
1436	progeny	56	1507	1507	891	494
1437	progeny	56	1508	1508	892	495
1438	progeny	56	1509	1509	893	496
1439	progeny	56	1510	1510	895	497
1440	progeny	56	1511	1511	896	498
1441	progeny	56	1512	1512	897	100
1442	progeny	56	1513	1513	898	499
1443	progeny	56	1514	1514	899	500
1444	progeny	56	1515	1515	900	501
1445	progeny	56	1516	1516	901	502
1446	progeny	56	1517	1517	902	503
1447	progeny	56	1518	1518	903	504
1448	progeny	56	1519	1519	904	101
1449	progeny	56	1520	1520	905	510
1450	progeny	56	1521	1521	906	511
1451	progeny	56	1522	1522	907	512
1452	progeny	56	1523	1523	908	513
1453	progeny	56	1524	1524	909	515
1454	progeny	56	1525	1525	910	516
1455	progeny	57	1526	1526	367	517
1456	progeny	57	1527	1527	368	518
1457	progeny	57	1528	1528	369	102
1458	progeny	57	1529	1529	370	519
1459	progeny	57	1530	1530	371	520
1460	progeny	57	1531	1531	911	521
1461	progeny	57	1532	1532	912	522
1462	progeny	57	1533	1533	913	523
1463	progeny	57	1534	1534	914	524
1464	progeny	57	1535	1535	915	525
1465	progeny	57	1536	1536	916	526
1466	progeny	57	1537	1537	917	527
1467	progeny	57	1538	1538	918	528
1468	progeny	57	1539	1539	919	103
1469	progeny	57	1540	1540	920	529
1470	progeny	57	1541	1541	921	535
1471	progeny	57	1542	1542	922	536
1472	progeny	57	1543	1543	923	537
1473	progeny	57	1544	1544	924	538
1474	progeny	57	1545	1545	925	104
1475	progeny	57	1546	1546	926	539
1476	progeny	57	1547	1547	927	540
1477	progeny	57	1548	1548	928	541
1478	progeny	57	1549	1549	929	542
1479	progeny	57	1550	1550	930	543
1480	progeny	58	1551	1551	372	544
1481	progeny	58	1552	1552	373	545
1482	progeny	58	1553	1553	374	546
1483	progeny	58	1554	1554	375	547
1484	progeny	58	1555	1555	376	548
1485	progeny	58	1556	1556	931	549
1486	progeny	58	1557	1557	932	550
1487	progeny	58	1558	1558	933	551
1488	progeny	58	1559	1559	934	552
1489	progeny	58	1560	1560	935	553
1490	progeny	58	1561	1561	936	554
1491	progeny	58	1562	1562	937	560
1492	progeny	58	1563	1563	938	561
1493	progeny	58	1564	1564	939	562
1494	progeny	58	1565	1565	940	563
1495	progeny	58	1566	1566	941	564
1496	progeny	58	1567	1567	942	565
1497	progeny	58	1568	1568	943	566
1498	progeny	58	1569	1569	944	567
1499	progeny	58	1570	1570	946	568
1500	progeny	58	1571	1571	947	569
1501	progeny	58	1572	1572	948	570
1502	progeny	58	1573	1573	949	571
1503	progeny	58	1574	1574	950	572
1504	progeny	58	1575	1575	951	573
1505	progeny	59	1576	1576	377	574
1506	progeny	59	1577	1577	378	575
1507	progeny	59	1578	1578	379	576
1508	progeny	59	1579	1579	380	577
1509	progeny	59	1580	1580	381	578
1510	progeny	59	1581	1581	953	579
1511	progeny	59	1582	1582	954	585
1512	progeny	59	1583	1583	955	586
1513	progeny	59	1584	1584	956	587
1514	progeny	59	1585	1585	957	588
1515	progeny	59	1586	1586	958	589
1516	progeny	59	1587	1587	959	590
1517	progeny	59	1588	1588	356	591
1518	progeny	59	1589	1589	960	592
1519	progeny	59	1590	1590	962	593
1520	progeny	59	1591	1591	963	594
1521	progeny	59	1592	1592	964	595
1522	progeny	59	1593	1593	382	596
1523	progeny	59	1594	1594	965	597
1524	progeny	59	1595	1595	966	598
1525	progeny	59	1596	1596	967	599
1526	progeny	59	1597	1597	968	600
1527	progeny	59	1598	1598	969	601
1528	progeny	59	1599	1599	970	602
1529	progeny	59	1600	1600	973	603
1530	progeny	60	1601	1601	351	604
1531	progeny	60	1602	1602	352	111
1532	progeny	60	1603	1603	353	610
1533	progeny	60	1604	1604	354	611
1534	progeny	60	1605	1605	355	612
1535	progeny	60	1606	1606	974	613
1536	progeny	60	1607	1607	975	614
1537	progeny	60	1608	1608	976	615
1538	progeny	60	1609	1609	977	616
1539	progeny	60	1610	1610	979	617
1540	progeny	60	1611	1611	980	618
1541	progeny	60	1612	1612	981	112
1542	progeny	60	1613	1613	982	619
1543	progeny	60	1614	1614	983	620
1544	progeny	60	1615	1615	984	621
1545	progeny	60	1616	1616	985	622
1546	progeny	60	1617	1617	986	623
1547	progeny	60	1618	1618	987	624
1548	progeny	60	1619	1619	988	625
1549	progeny	60	1620	1620	990	626
1550	progeny	60	1621	1621	991	627
1551	progeny	60	1622	1622	992	628
1552	progeny	60	1623	1623	993	113
1553	progeny	60	1624	1624	994	629
1554	progeny	60	1625	1625	995	635
1555	progeny	61	1626	1626	383	636
1556	progeny	61	1627	1627	384	637
1557	progeny	61	1628	1628	385	638
1558	progeny	61	1629	1629	386	114
1559	progeny	61	1630	1630	387	639
1560	progeny	61	1631	1631	997	640
1561	progeny	61	1632	1632	998	641
1562	progeny	61	1633	1633	999	642
1563	progeny	61	1634	1634	1000	643
1564	progeny	61	1635	1635	1001	644
1565	progeny	61	1636	1636	1002	645
1566	progeny	61	1637	1637	1003	646
1567	progeny	61	1638	1638	1004	647
1568	progeny	61	1639	1639	1005	648
1569	progeny	61	1640	1640	1007	115
1570	progeny	61	1641	1641	1008	649
1571	progeny	61	1642	1642	1009	650
1572	progeny	61	1643	1643	1010	651
1573	progeny	61	1644	1644	1011	652
1574	progeny	61	1645	1645	1012	653
1575	progeny	61	1646	1646	1013	654
1576	progeny	61	1647	1647	1014	116
1577	progeny	61	1648	1648	1015	660
1578	progeny	61	1649	1649	1016	661
1579	progeny	61	1650	1650	1018	662
1580	progeny	62	1651	1651	388	663
1581	progeny	62	1652	1652	389	664
1582	progeny	62	1653	1653	390	665
1583	progeny	62	1654	1654	391	666
1584	progeny	62	1655	1655	392	667
1585	progeny	62	1656	1656	1019	668
1586	progeny	62	1657	1657	1020	117
1587	progeny	62	1658	1658	1021	669
1588	progeny	62	1659	1659	1022	670
1589	progeny	62	1660	1660	1024	671
1590	progeny	62	1661	1661	1025	672
1591	progeny	62	1662	1662	1026	673
1592	progeny	62	1663	1663	1027	674
1593	progeny	62	1664	1664	1028	675
1594	progeny	62	1665	1665	1029	676
1595	progeny	62	1666	1666	1030	677
1596	progeny	62	1667	1667	1031	678
1597	progeny	62	1668	1668	1032	118
1598	progeny	62	1669	1669	1033	679
1599	progeny	62	1670	1670	1034	685
1600	progeny	62	1671	1671	1035	686
1601	progeny	62	1672	1672	1036	687
1602	progeny	62	1673	1673	1037	688
1603	progeny	62	1674	1674	1038	119
1604	progeny	62	1675	1675	1039	689
1605	progeny	63	1676	1676	393	690
1606	progeny	63	1677	1677	394	691
1607	progeny	63	1678	1678	395	692
1608	progeny	63	1679	1679	396	693
1609	progeny	63	1680	1680	397	694
1610	progeny	63	1681	1681	1041	695
1611	progeny	63	1682	1682	1042	696
1612	progeny	63	1683	1683	1043	697
1613	progeny	63	1684	1684	1044	698
1614	progeny	63	1685	1685	398	120
1615	progeny	63	1686	1686	1045	699
1616	progeny	63	1687	1687	1046	700
1617	progeny	63	1688	1688	1047	701
1618	progeny	63	1689	1689	1048	702
1619	progeny	63	1690	1690	1050	703
1620	progeny	63	1691	1691	1051	704
1621	progeny	63	1692	1692	1052	121
1622	progeny	63	1693	1693	1053	710
1623	progeny	63	1694	1694	1054	711
1624	progeny	63	1695	1695	1055	712
1625	progeny	63	1696	1696	1056	713
1626	progeny	63	1697	1697	1057	714
1627	progeny	63	1698	1698	1058	715
1628	progeny	63	1699	1699	1059	716
1629	progeny	63	1700	1700	1062	717
1630	progeny	64	1701	1701	399	718
1631	progeny	64	1702	1702	400	122
1632	progeny	64	1703	1703	401	719
1633	progeny	64	1704	1704	402	720
1634	progeny	64	1705	1705	403	721
1635	progeny	64	1706	1706	1063	722
1636	progeny	64	1707	1707	1064	723
1637	progeny	64	1708	1708	1065	724
1638	progeny	64	1709	1709	1066	725
1639	progeny	64	1710	1710	1068	726
1640	progeny	64	1711	1711	1069	727
1641	progeny	64	1712	1712	1070	728
1642	progeny	64	1713	1713	1071	123
1643	progeny	64	1714	1714	1072	60
1644	progeny	64	1715	1715	1073	729
1645	progeny	64	1716	1716	1074	735
1646	progeny	64	1717	1717	1075	736
1647	progeny	64	1718	1718	1076	737
1648	progeny	64	1719	1719	1077	738
1649	progeny	64	1720	1720	1079	124
1650	progeny	64	1721	1721	1080	739
1651	progeny	64	1722	1722	1081	740
1652	progeny	64	1723	1723	1082	741
1653	progeny	64	1724	1724	1083	742
1654	progeny	64	1725	1725	1084	743
1655	progeny	65	1726	1726	404	744
1656	progeny	65	1727	1727	405	745
1657	progeny	65	1728	1728	406	746
1658	progeny	65	1729	1729	407	747
1659	progeny	65	1730	1730	408	748
1660	progeny	65	1731	1731	1086	125
1661	progeny	65	1732	1732	1087	749
1662	progeny	65	1733	1733	1088	750
1663	progeny	65	1734	1734	1089	751
1664	progeny	65	1735	1735	1090	752
1665	progeny	65	1736	1736	1091	753
1666	progeny	65	1737	1737	1092	754
1667	progeny	65	1738	1738	1093	126
1668	progeny	65	1739	1739	1094	760
1669	progeny	65	1740	1740	1096	761
1670	progeny	65	1741	1741	1097	762
1671	progeny	65	1742	1742	1098	763
1672	progeny	65	1743	1743	1099	764
1673	progeny	65	1744	1744	1100	765
1674	progeny	65	1745	1745	1101	766
1675	progeny	65	1746	1746	1102	767
1676	progeny	65	1747	1747	1103	768
1677	progeny	65	1748	1748	1104	127
1678	progeny	65	1749	1749	1105	769
1679	progeny	65	1750	1750	1107	770
1680	progeny	66	1751	1751	409	771
1681	progeny	66	1752	1752	410	772
1682	progeny	66	1753	1753	411	773
1683	progeny	66	1754	1754	412	774
1684	progeny	66	1755	1755	413	775
1685	progeny	66	1756	1756	1108	776
1686	progeny	66	1757	1757	1109	777
1687	progeny	66	1758	1758	1110	778
1688	progeny	66	1759	1759	1111	128
1689	progeny	66	1760	1760	1113	779
1690	progeny	66	1761	1761	1114	785
1691	progeny	66	1762	1762	1115	786
1692	progeny	66	1763	1763	1116	787
1693	progeny	66	1764	1764	1117	788
1694	progeny	66	1765	1765	1118	129
1695	progeny	66	1766	1766	1119	789
1696	progeny	66	1767	1767	1120	790
1697	progeny	66	1768	1768	1121	791
1698	progeny	66	1769	1769	1122	792
1699	progeny	66	1770	1770	1123	793
1700	progeny	66	1771	1771	1124	794
1701	progeny	66	1772	1772	1125	795
1702	progeny	66	1773	1773	1126	796
1703	progeny	66	1774	1774	1127	797
1704	progeny	66	1775	1775	1128	798
1705	progeny	67	1776	1776	414	799
1706	progeny	67	1777	1777	415	800
1707	progeny	67	1778	1778	416	801
1708	progeny	67	1779	1779	417	802
1709	progeny	67	1780	1780	418	803
1710	progeny	67	1781	1781	1129	804
1711	progeny	67	1782	1782	1130	810
1712	progeny	67	1783	1783	1131	811
1713	progeny	67	1784	1784	1132	812
1714	progeny	67	1785	1785	1133	813
1715	progeny	67	1786	1786	1134	814
1716	progeny	67	1787	1787	1135	815
1717	progeny	67	1788	1788	1136	816
1718	progeny	67	1789	1789	1137	817
1719	progeny	67	1790	1790	1138	818
1720	progeny	67	1791	1791	1139	819
1721	progeny	67	1792	1792	1140	820
1722	progeny	67	1793	1793	1141	821
1723	progeny	67	1794	1794	1142	822
1724	progeny	67	1795	1795	1143	823
1725	progeny	67	1796	1796	1144	824
1726	progeny	67	1797	1797	1145	825
1727	progeny	67	1798	1798	1146	826
1728	progeny	67	1799	1799	1147	827
1729	progeny	67	1800	1800	1149	828
1730	progeny	68	1801	1801	419	61
1731	progeny	68	1802	1802	420	835
1732	progeny	68	1803	1803	421	836
1733	progeny	68	1804	1804	422	837
1734	progeny	68	1805	1805	423	838
1735	progeny	68	1806	1806	1150	839
1736	progeny	68	1807	1807	1151	840
1737	progeny	68	1808	1808	1152	841
1738	progeny	68	1809	1809	1153	842
1739	progeny	68	1810	1810	424	843
1740	progeny	68	1811	1811	1154	844
1741	progeny	68	1812	1812	1155	845
1742	progeny	68	1813	1813	1156	846
1743	progeny	68	1814	1814	1157	847
1744	progeny	68	1815	1815	1158	848
1745	progeny	68	1816	1816	1159	135
1746	progeny	68	1817	1817	1160	849
1747	progeny	68	1818	1818	1161	850
1748	progeny	68	1819	1819	1162	851
1749	progeny	68	1820	1820	1164	852
1750	progeny	68	1821	1821	1165	853
1751	progeny	68	1822	1822	1166	854
1752	progeny	68	1823	1823	1167	136
1753	progeny	68	1824	1824	1168	860
1754	progeny	68	1825	1825	1169	861
1755	progeny	69	1826	1826	425	862
1756	progeny	69	1827	1827	426	863
1757	progeny	69	1828	1828	427	864
1758	progeny	69	1829	1829	428	865
1759	progeny	69	1830	1830	429	866
1760	progeny	69	1831	1831	1171	867
1761	progeny	69	1832	1832	1172	868
1762	progeny	69	1833	1833	1173	137
1763	progeny	69	1834	1834	1174	869
1764	progeny	69	1835	1835	1175	870
1765	progeny	69	1836	1836	1176	871
1766	progeny	69	1837	1837	1177	872
1767	progeny	69	1838	1838	1178	873
1768	progeny	69	1839	1839	1179	874
1769	progeny	69	1840	1840	1181	875
1770	progeny	69	1841	1841	1182	876
1771	progeny	69	1842	1842	1183	877
1772	progeny	69	1843	1843	1184	878
1773	progeny	69	1844	1844	1185	138
1774	progeny	69	1845	1845	1186	879
1775	progeny	69	1846	1846	1187	885
1776	progeny	69	1847	1847	1188	886
1777	progeny	69	1848	1848	1189	887
1778	progeny	69	1849	1849	1190	888
1779	progeny	69	1850	1850	1192	139
1780	progeny	70	1851	1851	430	889
1781	progeny	70	1852	1852	431	890
1782	progeny	70	1853	1853	432	891
1783	progeny	70	1854	1854	433	892
1784	progeny	70	1855	1855	434	893
1785	progeny	70	1856	1856	1193	894
1786	progeny	70	1857	1857	1194	895
1787	progeny	70	1858	1858	1195	896
1788	progeny	70	1859	1859	1196	897
1789	progeny	70	1860	1860	1198	898
1790	progeny	70	1861	1861	1199	140
1791	progeny	70	1862	1862	1200	899
1792	progeny	70	1863	1863	1201	900
1793	progeny	70	1864	1864	1202	901
1794	progeny	70	1865	1865	1203	902
1795	progeny	70	1866	1866	1204	903
1796	progeny	70	1867	1867	1205	904
1797	progeny	70	1868	1868	1206	141
1798	progeny	70	1869	1869	1207	910
1799	progeny	70	1870	1870	1209	911
1800	progeny	70	1871	1871	1210	912
1801	progeny	70	1872	1872	1211	913
1802	progeny	70	1873	1873	1212	914
1803	progeny	70	1874	1874	1213	915
1804	progeny	70	1875	1875	1214	916
